hpt,Basic Hospital,info@hospital.com,1990-05-01,12345,all,0,This is the default account of hospital.
brm,Byram Marflitt,bmarflitt0@uol.com.br,1990-05-02,YthQS,eye,1000,Logged In
hbt,Hedda Bulteel,hbulteel1@opensource.org,1990-05-03,T3wcY,eye,1500,Logged In
lrc,Lorrin Cruce,lcruce2@dot.gov,1990-05-04,yoTVI,skin,1000,Logged In
jlg,Joletta Gettins,jgettins3@domainmarket.com,1990-05-05,KkZsH,bone,2000,Logged In
coz,Codee Ovize,covize4@friendfeed.com,1990-05-06,zVVsn,internal,1000,Logged In
mrh,Mavra Haggerwood,mhaggerwood5@hibu.com,1990-05-07,plRgV,internal,1000,Logged In
ddb,Danie Dumbreck,ddumbreck6@vk.com,1990-05-08,m1dLP,internal,1000,Logged In
ssc,Scot Sincock,ssincock7@taobao.com,1990-05-09,ISpDJ,brain,2000,Logged In
ehb,Eberhard Brittin,ebrittin8@google.com,1990-05-10,tbpR8,brain,2000,Logged In
btc,Bekki Titchen,btitchen9@w3.org,1990-05-11,4C4zr,skin,1500,Logged In
