nrs,Neron Sutheran,nsutheran0@mediafire.com,1985-04-01,zMou5,eye,,hpt,,(initial_registration++This_frontend_url_will_be_generated_automatically),Logged In
cst,Carson Tansill,ctansill1@nasa.gov,1985-04-02,4MiUo,eye,,hpt,,(initial_registration++This_frontend_url_will_be_generated_automatically),Logged In
lbs,Lambert Shwenn,lshwenn2@solutions.com,1985-04-03,ZHG8c,eye,,hpt,,(initial_registration++This_frontend_url_will_be_generated_automatically),Logged In
bth,Bertrando Hooks,bhooks3@seattletimes.com,1985-04-04,TLbbA,eye,,hpt,,(initial_registration++This_frontend_url_will_be_generated_automatically),Logged In
vgg,Vito Gogan,vgogan4@squarespace.com,1985-04-05,jXtzX,eye,,hpt,,(initial_registration++This_frontend_url_will_be_generated_automatically),Logged In
ctz,Courtney Zupo,czupo5@irs.gov,1985-04-06,DVr6I,eye,,hpt,,(initial_registration++This_frontend_url_will_be_generated_automatically),Logged In
tth,Titus Handrik,thandrik6@baidu.com,1985-04-07,LF0ev,eye,,hpt,,(initial_registration++This_frontend_url_will_be_generated_automatically),Logged In
erc,Emmerich Claxton,eclaxton7@opera.com,1985-04-08,vIIIl,eye,,hpt,,(initial_registration++This_frontend_url_will_be_generated_automatically),Logged In
kml,Karlee Menlove,kmenlove8@businessweek.com,1985-04-09,tICEq,eye,,hpt,,(initial_registration++This_frontend_url_will_be_generated_automatically),Logged In
vdl,Virgie Donnelly,vdonnelly9@google.cn,1985-04-10,r5ipb,eye,,hpt,,(initial_registration++This_frontend_url_will_be_generated_automatically),Logged In
mtc,Maitilde Cereceres,mcereceresa@weather.com,1985-04-11,IGvXp,eye,,hpt,,(initial_registration++This_frontend_url_will_be_generated_automatically),Logged In
abc,Ab Connechy,aconnechyb@va.gov,1985-04-12,f1bFf,eye,,hpt,,(initial_registration++This_frontend_url_will_be_generated_automatically),Logged In
sjr,Sonnnie Jennrich,sjennrichc@dropbox.com,1985-04-13,IoqmB,eye,,hpt,,(initial_registration++This_frontend_url_will_be_generated_automatically),Logged In
zsd,Zola Spurden,zspurdend@rediff.com,1985-04-14,lapXn,skin,,hpt,,(initial_registration++This_frontend_url_will_be_generated_automatically),Logged In
abb,Alaster Budibent,abudibente@mlb.com,1985-04-15,hdcrb,skin,,hpt,,(initial_registration++This_frontend_url_will_be_generated_automatically),Logged In
ccs,Cirillo Simson,csimsonf@merriam-webster.com,1985-04-16,l3EKn,skin,,hpt,,(initial_registration++This_frontend_url_will_be_generated_automatically),Logged In
ggj,Georgeanne Jarman,gjarmang@elpais.com,1985-04-17,lZA7N,skin,,hpt,,(initial_registration++This_frontend_url_will_be_generated_automatically),Logged In
lmq,Lucho MacQueen,lmacqueenh@wufoo.com,1985-04-18,LQh4z,skin,,hpt,,(initial_registration++This_frontend_url_will_be_generated_automatically),Logged In
mwb,Maximilian Winterborne,mbornei@lulu.com,1985-04-19,8MZuC,skin,,hpt,,(initial_registration++This_frontend_url_will_be_generated_automatically),Logged In
rrt,Renae Redington,rredingtonj@smh.com.au,1985-04-20,DG39k,skin,,hpt,,(initial_registration++This_frontend_url_will_be_generated_automatically),Logged In
dmg,Darrick Montgomery,dmontgomery0@google.nl,1985-04-21,jrngD,skin,,hpt,,(initial_registration++This_frontend_url_will_be_generated_automatically),Logged In
ryh,Rayna Huws,rhuws1@lulu.com,1985-04-22,JvETw,internal,,hpt,,(initial_registration++This_frontend_url_will_be_generated_automatically),Logged In
tsc,Torr Scocroft,tscocroft2@time.com,1985-04-23,ICBTW,internal,,hpt,,(initial_registration++This_frontend_url_will_be_generated_automatically),Logged In
bdw,Bendite Wray,bwray3@hexun.com,1985-04-24,LP0vw,internal,,hpt,,(initial_registration++This_frontend_url_will_be_generated_automatically),Logged In
tmr,Tarrah Magrannell,tmagrannell4@163.com,1985-04-25,h5asQ,internal,,hpt,,(initial_registration++This_frontend_url_will_be_generated_automatically),Logged In
mal,Marlo Andreoletti,mandreoletti5@baidu.com,1985-04-26,Z97b7,internal,,hpt,,(initial_registration++This_frontend_url_will_be_generated_automatically),Logged In
mlq,Melamie Quail,mquail6@theatlantic.com,1985-04-27,sKcIp,internal,,hpt,,(initial_registration++This_frontend_url_will_be_generated_automatically),Logged In
stk,Shellie Threlkeld,sthrelkeld7@npr.org,1984-07-01,O5CoT,internal,,hpt,,(initial_registration++This_frontend_url_will_be_generated_automatically),Logged In
pym,Parrnell Yushmanov,pyushmanov8@walmart.com,1984-07-02,yQsCD,internal,,hpt,,(initial_registration++This_frontend_url_will_be_generated_automatically),Logged In
jdn,Jodee Northidge,jnorthidge9@uiuc.edu,1984-07-03,zIJGf,internal,,hpt,,(initial_registration++This_frontend_url_will_be_generated_automatically),Logged In
gbd,Geralda Bernardi,gbernardia@sun.com,1984-07-04,eyUnr,internal,,hpt,,(initial_registration++This_frontend_url_will_be_generated_automatically),Logged In
thf,Taryn Hartford,thartfordb@state.tx.us,1984-07-05,8ZwjC,internal,,hpt,,(initial_registration++This_frontend_url_will_be_generated_automatically),Logged In
wpb,Wandie Philbrick,wphilbrickc@times.co.uk,1984-07-06,zHpJH,internal,,hpt,,(initial_registration++This_frontend_url_will_be_generated_automatically),Logged In
cll,Charlotta Lummus,clummusd@woothemes.com,1984-07-07,qNsLm,brain,,hpt,,(initial_registration++This_frontend_url_will_be_generated_automatically),Logged In
sjs,Stevana Jacobsson,sjacobssone@ucoz.com,1984-07-08,g8sZ5,brain,,hpt,,(initial_registration++This_frontend_url_will_be_generated_automatically),Logged In
cbb,Camellia Banbrigge,cbanbrief@amazon.com,1984-07-09,kDWqM,brain,,hpt,,(initial_registration++This_frontend_url_will_be_generated_automatically),Logged In
sfg,Selene Fillgate,sfillgateg@gov.uk,1984-07-10,AXgld,bone,,hpt,,(initial_registration++This_frontend_url_will_be_generated_automatically),Logged In
shd,Sheff Duce,sduceh@usgs.gov,1984-07-11,ykOuc,bone,,hpt,,(initial_registration++This_frontend_url_will_be_generated_automatically),Logged In
aml,Arabele McLeoid,amcledi@whitehouse.gov,1984-07-12,zlUPS,bone,,hpt,,(initial_registration++This_frontend_url_will_be_generated_automatically),Logged In
nlp,Noelani Paintain,npaintainj@post.com,1984-07-13,CLyh6,bone,,hpt,,(initial_registration++This_frontend_url_will_be_generated_automatically),Logged In
